Category,Gaming_Acc,Gaming_Match
01,95.09433962264151,252/265
02,96.8,242/250
03,99.609375,255/256
05,96.31147540983606,235/244
06,96.03174603174604,242/252
07,98.00796812749005,246/251
08,97.265625,249/256
09,99.19028340080972,245/247
10,99.21259842519686,252/254
11,98.48484848484848,260/264
13,99.59677419354838,247/248
14,98.81422924901186,250/253
16,100.0,48/48
17,21.052631578947366,12/57
18,65.71428571428571,46/70
19,60.46511627906976,26/43
